date,value
2014-01-01,49.89
2014-01-02,50.18
2014-01-03,50.29
2014-01-06,50.13
2014-01-07,50.67
2014-01-08,50.32
2014-01-09,50.08
2014-01-10,49.70
2014-01-13,49.36
2014-01-15,49.20
2014-01-16,49.40
2014-01-17,49.02
2014-01-20,49.96
2014-01-21,49.07
2014-01-22,49.21
2014-01-23,50.49
2014-01-24,49.02
2014-01-27,48.76
2014-01-28,49.00
2014-01-30,49.13
2014-01-31,48.64
2014-02-03,47.96
2014-02-04,49.51
2014-02-05,48.17
2014-02-06,48.50
2014-02-07,47.33
2014-02-10,47.24
2014-02-11,48.00
2014-02-12,47.94
2014-02-13,47.98
2014-02-14,48.28
2014-02-17,48.12
2014-02-18,48.53
2014-02-19,48.27
2014-02-20,48.36
2014-02-21,48.35
2014-02-24,48.86
2014-02-25,48.06
2014-02-26,48.25
2014-02-27,51.14
2014-02-28,47.89
2014-03-03,48.67
2014-03-04,49.27
2014-03-05,48.92
2014-03-06,48.24
2014-03-07,48.23
2014-03-10,48.78
2014-03-11,48.30
2014-03-12,48.33
2014-03-13,48.80
2014-03-14,49.15
2014-03-18,49.66
2014-03-19,48.85
2014-03-20,49.00
2014-03-21,48.60
2014-03-24,49.32
2014-03-25,48.77
2014-03-26,49.04
2014-03-27,49.20
2014-03-28,49.11
2014-03-31,47.13
2014-04-01,50.08
2014-04-02,48.60
2014-04-03,49.59
2014-04-04,48.52
2014-04-07,48.89
2014-04-09,48.19
2014-04-11,48.27
2014-04-15,47.89
2014-04-16,48.35
2014-04-17,48.81
2014-04-21,48.57
2014-04-22,48.52
2014-04-23,49.09
2014-04-24,48.69
2014-04-25,48.75
2014-04-28,49.21
2014-04-29,48.34
2014-04-30,48.15
2014-05-01,48.35
2014-05-02,49.12
2014-05-05,47.96
2014-05-06,48.21
2014-05-07,48.98
2014-05-08,48.78
2014-05-09,48.50
2014-05-12,49.31
2014-05-13,48.11
2014-05-15,48.00
2014-05-16,48.87
2014-05-19,48.91
2014-05-20,48.85
2014-05-21,48.85
2014-05-22,48.91
2014-05-23,48.78
2014-05-26,49.20
2014-05-27,48.34
2014-05-28,47.96
2014-05-29,48.48
2014-05-30,47.83
2014-06-02,47.87
2014-06-03,47.96
2014-06-04,48.60
2014-06-05,48.33
2014-06-06,47.63
2014-06-09,47.52
2014-06-10,47.71
2014-06-11,47.91
2014-06-12,47.50
2014-06-13,47.75
2014-06-16,48.15
2014-06-17,46.98
2014-06-18,46.64
2014-06-19,47.55
2014-06-20,47.46
2014-06-23,47.06
2014-06-24,46.98
2014-06-25,46.75
2014-06-26,46.33
2014-06-27,46.50
2014-06-30,46.50
2014-07-01,46.94
2014-07-02,46.31
2014-07-03,46.71
2014-07-04,46.49
2014-07-07,46.38
2014-07-08,46.40
2014-07-09,46.12
2014-07-10,46.73
2014-07-11,46.87
2014-07-14,46.49
2014-07-15,46.68
2014-07-16,45.94
2014-07-17,46.22
2014-07-18,46.19
2014-07-21,46.19
2014-07-22,46.76
2014-07-23,46.40
2014-07-24,46.60
2014-07-25,46.18
2014-07-28,44.78
2014-07-30,45.96
2014-07-31,46.39
2014-08-01,46.21
2014-08-04,45.89
2014-08-05,45.85
2014-08-06,46.23
2014-08-07,45.89
2014-08-08,46.22
2014-08-11,45.91
2014-08-12,45.93
2014-08-13,45.67
2014-08-14,44.88
2014-08-19,45.94
2014-08-20,45.79
2014-08-21,46.05
2014-08-22,46.04
2014-08-25,46.81
2014-08-26,46.50
2014-08-27,46.24
2014-08-28,46.67
2014-08-29,47.16
2014-09-01,46.20
2014-09-02,46.43
2014-09-03,46.64
2014-09-04,46.54
2014-09-05,46.09
2014-09-08,44.42
2014-09-09,44.96
2014-09-10,46.22
2014-09-11,46.10
2014-09-12,45.87
2014-09-15,44.90
2014-09-16,45.14
2014-09-17,45.43
2014-09-18,46.34
2014-09-19,46.07
2014-09-22,46.12
2014-09-23,47.02
2014-09-24,46.49
2014-09-25,47.17
2014-09-26,47.39
2014-09-29,46.15
2014-09-30,46.77
2014-10-07,47.24
2014-10-08,47.12
2014-10-09,47.04
2014-10-10,46.53
2014-10-13,46.71
2014-10-14,46.43
2014-10-15,46.29
2014-10-16,46.32
2014-10-17,45.64
2014-10-20,45.86
2014-10-21,46.05
2014-10-22,43.51
2014-10-24,47.38
2014-10-27,45.77
2014-10-28,45.83
2014-10-29,45.70
2014-10-31,46.26
2014-11-03,44.38
2014-11-05,45.86
2014-11-07,45.57
2014-11-10,45.49
2014-11-11,45.85
2014-11-12,46.07
2014-11-13,45.98
2014-11-14,45.69
2014-11-17,45.64
2014-11-18,45.74
2014-11-19,45.46
2014-11-20,45.50
2014-11-21,45.19
2014-11-24,45.47
2014-11-25,45.91
2014-11-26,46.02
2014-11-27,46.09
2014-11-28,45.62
2014-12-01,44.50
2014-12-02,45.93
2014-12-03,45.60
2014-12-04,45.61
2014-12-05,45.25
2014-12-08,45.36
2014-12-09,45.64
2014-12-10,45.15
2014-12-11,45.12
2014-12-12,45.75
2014-12-15,45.72
2014-12-16,45.41
2014-12-17,44.95
2014-12-18,45.38
2014-12-19,45.36
2014-12-22,45.48
2014-12-23,45.56
2014-12-24,45.44
2014-12-26,45.52
2014-12-29,45.88
2014-12-30,45.93
2014-12-31,45.88
2015-01-01,46.31
2015-01-02,45.42
2015-01-05,46.56
2015-01-06,46.83
2015-01-07,46.19
2015-01-08,46.80
2015-01-09,46.33
2015-01-12,46.75
2015-01-13,46.86
2015-01-14,47.61
2015-01-15,46.64
2015-01-16,47.29
2015-01-19,47.10
2015-01-20,47.16
2015-01-21,47.23
2015-01-22,47.34
2015-01-23,47.66
2015-01-27,47.56
2015-01-28,47.50
2015-01-30,47.80
2015-02-02,47.76
2015-02-03,48.84
2015-02-04,48.14
2015-02-05,48.33
2015-02-06,48.28
2015-02-09,47.89
2015-02-10,47.84
2015-02-11,47.74
2015-02-12,48.43
2015-02-13,47.77
2015-02-16,47.93
2015-02-17,53.06
2015-02-18,48.42
2015-02-19,47.88
2015-02-20,48.15
2015-02-23,48.30
2015-02-24,48.44
2015-02-25,48.64
2015-02-26,49.05
2015-02-27,49.08
2015-03-02,49.02
2015-03-03,49.13
2015-03-04,49.30
2015-03-05,49.31
2015-03-09,49.32
2015-03-10,49.55
2015-03-11,49.00
2015-03-12,49.19
2015-03-13,49.11
2015-03-16,49.21
2015-03-17,49.75
2015-03-18,49.83
2015-03-19,49.22
2015-03-20,49.11
2015-03-23,49.81
2015-03-24,49.11
2015-03-25,49.17
2015-03-26,49.45
2015-03-27,49.84
2015-03-30,49.87
2015-03-31,49.95
2015-04-01,49.90
2015-04-06,49.71
2015-04-07,49.72
2015-04-08,49.96
2015-04-09,50.19
2015-04-10,50.34
2015-04-13,50.35
2015-04-15,50.48
2015-04-16,51.30
2015-04-17,51.40
2015-04-20,52.19
2015-04-21,51.88
2015-04-22,51.75
2015-04-23,52.72
2015-04-24,52.53
2015-04-27,53.13
2015-04-28,52.77
2015-04-29,52.85
2015-04-30,52.47
2015-05-01,52.36
2015-05-05,53.50
2015-05-06,54.36
2015-05-07,54.68
2015-05-08,55.25
2015-05-11,56.09
2015-05-12,56.08
2015-05-13,56.33
2015-05-14,56.49
2015-05-15,56.64
2015-05-18,56.95
2015-05-19,56.78
2015-05-20,57.89
2015-05-21,57.69
2015-05-22,57.42
2015-05-25,58.49
2015-05-26,57.77
2015-05-27,58.19
2015-05-28,57.97
2015-05-29,58.04
2015-06-01,57.76
2015-06-02,59.87
2015-06-03,58.53
2015-06-04,58.60
2015-06-05,58.46
2015-06-08,59.50
2015-06-09,59.57
2015-06-10,59.06
2015-06-11,58.97
2015-06-12,59.02
2015-06-15,59.14
2015-06-16,59.30
2015-06-17,59.54
2015-06-18,59.51
2015-06-19,59.62
2015-06-22,59.99
2015-06-23,60.11
2015-06-24,60.01
2015-06-25,59.90
2015-06-26,59.77
2015-06-29,60.34
2015-06-30,59.89
2015-07-01,59.91
2015-07-02,59.59
2015-07-03,60.07
2015-07-06,59.73
2015-07-07,60.16
2015-07-08,59.76
2015-07-09,59.73
2015-07-10,59.51
2015-07-13,60.08
2015-07-14,60.21
2015-07-15,60.27
2015-07-16,60.06
2015-07-17,60.05
2015-07-20,60.29
2015-07-21,59.90
2015-07-22,59.73
2015-07-23,59.68
2015-07-24,60.47
2015-07-27,60.06
2015-07-28,60.77
2015-07-29,60.23
2015-07-30,59.74
2015-07-31,60.24
2015-08-03,60.35
2015-08-04,60.06
2015-08-05,60.26
2015-08-06,60.39
2015-08-07,60.36
2015-08-10,60.07
2015-08-11,60.57
2015-08-12,60.36
2015-08-13,60.42
2015-08-14,60.22
2015-08-17,61.36
2015-08-18,60.46
2015-08-19,60.35
2015-08-20,61.23
2015-08-21,61.49
2015-08-24,62.24
2015-08-25,62.17
2015-08-26,62.61
2015-08-27,62.75
2015-08-28,62.16
2015-08-31,62.94
2015-09-01,63.41
2015-09-02,63.39
2015-09-03,63.57
2015-09-04,63.75
2015-09-07,63.51
2015-09-08,63.22
2015-09-09,63.20
2015-09-10,63.55
2015-09-11,63.31
2015-09-14,63.83
2015-09-15,63.60
2015-09-16,64.00
2015-09-17,62.21
2015-09-18,63.81
2015-09-21,64.10
2015-09-22,64.34
2015-09-23,64.97
2015-09-24,63.48
2015-09-28,64.13
2015-09-29,64.60
2015-09-30,64.66
2015-10-01,64.89
2015-10-05,65.07
2015-10-06,65.79
2015-10-07,66.27
2015-10-08,66.46
2015-10-09,66.19
2015-10-12,66.37
2015-10-13,67.89
2015-10-14,67.51
2015-10-15,67.74
2015-10-16,68.86
2015-10-19,69.49
2015-10-20,69.28
2015-10-21,70.14
2015-10-23,69.67
2015-10-26,70.45
2015-10-27,69.34
2015-10-28,70.47
2015-10-29,70.19
2015-10-30,70.16
2015-10-31,70.21
2015-11-01,70.17
2015-11-02,69.90
2015-11-03,69.38
2015-11-04,69.85
2015-11-05,69.66
2015-11-06,69.43
2015-11-07,69.42
2015-11-08,70.64
2015-11-09,69.66
2015-11-10,69.16
2015-11-11,69.66
2015-11-12,70.06
2015-11-13,70.08
2015-11-14,69.65
2015-11-15,70.00
2015-11-16,69.48
2015-11-17,69.77
2015-11-18,69.60
2015-11-19,69.30
2015-11-20,69.46
2015-11-21,69.65
2015-11-22,69.03
2015-11-23,69.62
2015-11-24,69.57
2015-11-25,70.21
2015-11-26,69.35
2015-11-27,69.15
2015-11-28,68.85
2015-11-29,69.26
2015-11-30,68.91
2015-12-01,68.74
2015-12-02,69.03
2015-12-03,69.09
2015-12-04,69.27
2015-12-05,68.67
2015-12-06,69.21
2015-12-07,69.57
2015-12-08,69.53
2015-12-09,69.22
2015-12-10,69.36
2015-12-11,69.21
2015-12-12,69.32
2015-12-13,69.18
2015-12-14,69.37
2015-12-15,69.29
2015-12-16,69.25
2015-12-17,68.97
2015-12-18,68.93
2015-12-19,69.28
2015-12-20,68.17
2015-12-21,69.08
2015-12-22,69.16
2015-12-23,69.16
2015-12-24,69.50
2015-12-25,68.86
2015-12-26,68.20
2015-12-27,68.97
2015-12-28,68.68
2015-12-29,68.54
2015-12-30,68.17
2015-12-31,68.04
2016-01-01,67.78
2016-01-02,68.00
2016-01-03,67.92
2016-01-04,68.15
2016-01-05,67.55
2016-01-06,67.67
2016-01-07,67.66
2016-01-08,67.49
2016-01-09,67.56
2016-01-10,68.00
2016-01-11,67.54
2016-01-12,67.56
2016-01-13,67.45
2016-01-14,67.35
2016-01-15,67.45
2016-01-16,67.08
2016-01-17,67.40
2016-01-18,67.73
2016-01-19,67.45
2016-01-20,67.29
2016-01-21,67.21
2016-01-22,67.26
2016-01-23,67.08
2016-01-24,67.48
2016-01-25,66.97
2016-01-26,65.85
2016-01-27,67.38
2016-01-28,67.02
2016-01-29,66.84
2016-01-30,66.79
2016-01-31,67.18
2016-02-01,66.54
2016-02-02,66.50
2016-02-03,66.34
2016-02-04,66.44
2016-02-05,66.61
2016-02-06,66.16
2016-02-07,66.41
2016-02-08,66.41
2016-02-09,66.20
2016-02-10,66.32
2016-02-11,66.26
2016-02-12,65.95
2016-02-13,66.03
2016-02-14,65.77
2016-02-15,66.43
2016-02-16,65.95
2016-02-17,66.06
2016-02-18,66.07
2016-02-19,65.91
2016-02-20,66.13
2016-02-21,65.30
2016-02-22,65.69
2016-02-23,65.95
2016-02-24,65.92
2016-02-25,65.78
2016-02-26,65.46
2016-02-27,64.99
2016-02-28,65.79
2016-02-29,65.62
2016-03-01,65.54
2016-03-02,65.51
2016-03-03,65.47
2016-03-04,65.49
2016-03-05,65.25
2016-03-06,65.66
2016-03-07,65.26
2016-03-08,65.19
2016-03-09,65.39
2016-03-10,65.06
2016-03-11,65.36
2016-03-12,64.79
2016-03-13,65.45
2016-03-14,65.60
2016-03-15,65.34
2016-03-16,65.35
2016-03-17,65.56
2016-03-18,65.55
2016-03-19,64.97
2016-03-20,65.78
2016-03-21,65.66
2016-03-22,65.91
2016-03-23,66.23
2016-03-24,65.00
2016-03-25,65.28
2016-03-26,65.17
2016-03-27,65.48
2016-03-28,65.51
2016-03-29,65.75
2016-03-30,65.73
2016-03-31,66.04
2016-04-01,66.14
2016-04-02,65.82
2016-04-03,66.10
2016-04-04,66.18
2016-04-05,66.18
2016-04-06,66.37
2016-04-07,66.37
2016-04-08,66.16
2016-04-09,65.98
2016-04-10,65.42
2016-04-11,66.58
2016-04-12,66.82
2016-04-13,66.96
2016-04-14,66.25
2016-04-15,66.89
2016-04-16,67.28
2016-04-17,66.83
2016-04-18,68.23
2016-04-19,67.75
2016-04-20,68.88
2016-04-21,69.12
2016-04-22,70.18
2016-04-23,70.31
2016-04-24,69.42
2016-04-25,70.77
2016-04-26,71.43
2016-04-27,71.77
2016-04-28,72.00
2016-04-29,71.93
2016-04-30,71.57
2016-05-01,70.16
2016-05-02,72.09
2016-05-03,72.04
2016-05-04,72.21
2016-05-05,72.33
2016-05-06,72.68
2016-05-07,72.52
2016-05-08,72.31
2016-05-09,72.56
2016-05-10,72.73
2016-05-11,73.06
2016-05-12,73.42
2016-05-13,73.23
2016-05-14,72.88
2016-05-15,72.62
2016-05-16,73.55
2016-05-17,73.78
2016-05-18,73.74
2016-05-19,73.77
2016-05-20,74.16
2016-05-21,74.42
2016-05-22,74.48
2016-05-23,74.51
2016-05-24,74.17
2016-05-25,74.62
2016-05-26,74.52
2016-05-27,74.78
2016-05-28,75.19
2016-05-29,74.76
2016-05-30,75.14
2016-05-31,75.24
2016-06-01,75.30
2016-06-02,75.07
2016-06-03,75.52
2016-06-04,75.95
2016-06-05,75.47
2016-06-06,75.78
2016-06-07,76.16
2016-06-08,76.30
2016-06-09,76.62
2016-06-10,76.76
2016-06-11,77.17
2016-06-12,77.15
2016-06-13,77.54
2016-06-14,77.98
2016-06-15,78.34
2016-06-16,79.39
2016-06-17,80.13
2016-06-18,80.12
2016-06-19,80.49
2016-06-20,80.85
2016-06-21,81.21
2016-06-22,81.43
2016-06-23,82.04
2016-06-24,82.02
2016-06-25,82.53
2016-06-26,82.46
2016-06-27,83.07
2016-06-28,83.66
2016-06-29,83.94
2016-06-30,84.72
2016-07-01,85.08
2016-07-02,85.43
2016-07-03,85.30
2016-07-04,85.66
2016-07-05,86.49
2016-07-06,86.18
2016-07-07,88.40
2016-07-08,88.43
2016-07-09,89.60
2016-07-10,89.87
2016-07-11,88.68
2016-07-12,89.83
2016-07-13,90.60
2016-07-14,93.23
2016-07-15,93.24
2016-07-16,94.77
2016-07-17,94.70
2016-07-18,94.57
2016-07-19,95.63
2016-07-20,95.76
2016-07-21,96.41
2016-07-22,97.25
2016-07-23,98.20
2016-07-24,100.35
2016-07-25,97.48
2016-07-26,97.90
2016-07-27,98.38
2016-07-28,98.37
2016-07-29,98.58
2016-07-30,99.94
2016-07-31,101.90
2016-08-01,99.79
2016-08-02,99.33
2016-08-03,99.67
2016-08-04,99.47
2016-08-05,100.20
2016-08-06,100.51
2016-08-07,100.33
2016-08-08,100.36
2016-08-09,100.26
2016-08-10,99.89
2016-08-11,100.35
2016-08-12,100.36
2016-08-13,100.33
2016-08-14,102.76
2016-08-15,102.31
2016-08-16,100.02
2016-08-17,100.36
2016-08-18,100.23
2016-08-19,99.75
2016-08-20,99.99
2016-08-21,99.89
2016-08-22,99.75
2016-08-23,100.02
2016-08-24,99.73
2016-08-25,100.00
2016-08-26,99.47
2016-08-27,98.59
2016-08-28,98.72
2016-08-29,98.43
2016-08-30,98.04
2016-08-31,97.29
2016-09-01,96.71
2016-09-02,96.33
2016-09-03,96.63
2016-09-04,96.76
2016-09-05,96.58
2016-09-06,97.17
2016-09-07,97.54
2016-09-08,98.01
2016-09-09,98.06
2016-09-10,98.89
2016-09-11,98.25
2016-09-12,98.91
2016-09-13,99.39
2016-09-14,99.27
2016-09-15,99.77
2016-09-16,99.86
2016-09-17,101.39
2016-09-18,100.17
2016-09-19,101.34
2016-09-20,101.32
2016-09-21,101.91
2016-09-22,101.92
2016-09-23,102.61
2016-09-24,102.96
2016-09-25,103.22
2016-09-26,104.08
2016-09-27,103.98
2016-09-28,104.23
2016-09-29,104.29
2016-09-30,104.93
2016-10-01,105.78
2016-10-02,104.26
2016-10-03,105.20
2016-10-04,105.86
2016-10-05,106.17
2016-10-06,106.84
2016-10-07,107.63
2016-10-08,109.24
2016-10-09,108.40
2016-10-10,107.83
2016-10-11,107.33
2016-10-12,109.77
2016-10-13,109.80
2016-10-14,110.89
2016-10-15,112.53
2016-10-16,111.21
2016-10-17,111.69
2016-10-18,111.54
2016-10-19,111.44
2016-10-20,114.01
2016-10-21,115.22
2016-10-22,117.09
2016-10-23,116.20
2016-10-24,117.26
2016-10-25,118.04
2016-10-26,118.46
2016-10-27,118.80
2016-10-28,119.40
2016-10-29,118.71
2016-10-30,121.88
2016-10-31,123.11
2016-11-01,123.35
2016-11-02,122.28
2016-11-03,122.21
2016-11-04,122.30
2016-11-05,121.32
2016-11-06,119.73
2016-11-07,123.10
2016-11-08,121.69
2016-11-09,121.45
2016-11-10,121.57
2016-11-11,122.57
2016-11-12,122.15
2016-11-13,120.75
2016-11-14,119.42
2016-11-15,121.87
2016-11-16,123.06
2016-11-17,124.69
2016-11-18,124.54
2016-11-19,124.00
2016-11-20,125.64
2016-11-21,125.11
2016-11-22,125.45
2016-11-23,125.09
2016-11-24,125.60
2016-11-25,125.56
2016-11-26,126.29
2016-11-27,123.41
2016-11-28,125.54
2016-11-29,124.82
2016-11-30,124.74
2016-12-01,124.19
2016-12-02,124.24
2016-12-03,124.32
2016-12-04,123.22
2016-12-05,124.08
2016-12-06,123.84
2016-12-07,124.04
2016-12-08,124.34
2016-12-09,123.80
2016-12-10,123.84
2016-12-11,122.30
2016-12-12,122.57
2016-12-13,124.94
2016-12-14,124.37
2016-12-15,124.36
2016-12-16,124.32
2016-12-17,124.47
2016-12-18,122.83
2016-12-19,124.28
2016-12-20,124.51
2016-12-21,123.83
2016-12-22,123.50
2016-12-23,123.53
2016-12-24,123.60
2016-12-25,122.56
2016-12-26,123.48
2016-12-27,123.16
2016-12-28,122.74
2016-12-29,122.66
2016-12-30,122.56
2016-12-31,122.53
2017-01-01,124.89
2017-01-02,123.25
2017-01-03,122.57
2017-01-04,121.07
2017-01-05,120.90
2017-01-06,121.15
2017-01-07,120.02
2017-01-08,119.26
2017-01-09,118.79
2017-01-10,117.13
2017-01-11,116.18
2017-01-12,114.86
2017-01-13,114.66
2017-01-14,113.00
2017-01-15,112.54
2017-01-16,114.22
2017-01-17,113.89
2017-01-18,113.96
2017-01-19,112.28
2017-01-20,112.75
2017-01-21,111.36
2017-01-22,108.91
2017-01-23,111.87
2017-01-24,110.87
2017-01-25,111.08
2017-01-26,112.32
2017-01-27,109.39
2017-01-28,109.49
2017-01-29,107.16
2017-01-30,108.77
2017-01-31,108.64
2017-02-01,108.60
2017-02-02,107.43
2017-02-03,106.44
2017-02-04,106.11
2017-02-05,106.73
2017-02-06,104.97
2017-02-07,105.07
2017-02-08,104.54
2017-02-09,103.64
2017-02-10,103.87
2017-02-11,101.98
2017-02-12,101.59
2017-02-13,102.09
2017-02-14,101.41
2017-02-15,99.72
2017-02-16,99.16
2017-02-17,98.56
2017-02-18,99.41
2017-02-19,96.57
2017-02-20,98.64
2017-02-21,97.07
2017-02-22,96.34
2017-02-23,96.01
2017-02-24,94.66
2017-02-25,95.52
2017-02-26,93.42
2017-02-27,94.13
2017-02-28,92.80
2017-03-01,93.53
2017-03-02,92.91
2017-03-03,91.97
2017-03-04,91.54
2017-03-05,89.59
2017-03-06,91.49
2017-03-07,90.92
2017-03-08,90.59
2017-03-09,90.16
2017-03-10,89.20
2017-03-11,89.33
2017-03-12,90.15
2017-03-13,92.47
2017-03-14,88.98
2017-03-15,88.40
2017-03-16,88.36
2017-03-17,87.98
2017-03-18,87.80
2017-03-19,87.51
2017-03-20,88.31
2017-03-21,87.92
2017-03-22,88.38
2017-03-23,88.40
2017-03-24,88.42
2017-03-25,88.39
2017-03-26,85.95
2017-03-27,88.40
2017-03-28,88.49
2017-03-29,89.04
2017-03-30,88.82
2017-03-31,88.54
2017-04-01,89.34
2017-04-02,84.98
2017-04-03,88.75
2017-04-04,88.97
2017-04-05,89.68
2017-04-06,88.90
2017-04-07,89.68
2017-04-08,87.68
2017-04-09,88.55
2017-04-10,88.92
2017-04-11,89.05
2017-04-12,88.89
2017-04-13,88.97
2017-04-14,89.42
2017-04-15,90.08
2017-04-16,89.23
2017-04-17,89.21
2017-04-18,89.16
2017-04-19,89.12
2017-04-20,89.27
2017-04-21,88.71
2017-04-22,88.83
2017-04-23,88.36
2017-04-24,89.22
2017-04-25,88.71
2017-04-26,87.99
2017-04-27,88.69
2017-04-28,88.42
2017-04-29,87.85
2017-04-30,87.37
2017-05-01,86.69
2017-05-02,87.59
2017-05-03,87.95
2017-05-04,87.10
2017-05-05,87.54
2017-05-06,87.03
2017-05-07,85.64
2017-05-08,87.55
2017-05-09,86.89
2017-05-10,87.22
2017-05-11,87.08
2017-05-12,86.51
2017-05-13,86.99
2017-05-14,86.65
2017-05-15,86.85
2017-05-16,86.35
2017-05-17,86.96
2017-05-18,86.53
2017-05-19,86.61
2017-05-20,87.56
2017-05-21,86.51
2017-05-22,86.99
2017-05-23,86.88
2017-05-24,87.00
2017-05-25,86.74
2017-05-26,86.52
2017-05-27,86.10
2017-05-28,84.06
2017-05-29,85.89
2017-05-30,86.60
2017-05-31,86.32
2017-06-01,86.42
2017-06-02,85.76
2017-06-03,86.44
2017-06-04,85.96
2017-06-05,85.04
2017-06-06,86.00
2017-06-07,85.63
2017-06-08,85.32
2017-06-09,85.40
2017-06-10,85.60
2017-06-11,85.76
2017-06-12,84.91
2017-06-13,85.33
2017-06-14,86.24
2017-06-15,85.78
2017-06-16,85.55
2017-06-17,86.15
2017-06-18,86.13
2017-06-19,84.51
2017-06-20,84.78
2017-06-21,85.16
2017-06-22,85.12
2017-06-23,85.13
2017-06-24,85.02
2017-06-25,83.54
2017-06-26,83.95
2017-06-27,83.37
2017-06-28,84.30
2017-06-29,83.78
2017-06-30,82.99
2017-07-01,83.95
2017-07-02,82.51
2017-07-03,82.50
2017-07-04,82.88
2017-07-05,82.98
2017-07-06,83.28
2017-07-07,82.47
2017-07-08,82.88
2017-07-09,82.03
2017-07-10,82.02
2017-07-11,82.13
2017-07-12,81.95
2017-07-13,82.54
2017-07-14,82.02
2017-07-15,82.54
2017-07-16,81.08
2017-07-17,82.50
2017-07-18,81.85
2017-07-19,81.77
2017-07-20,81.98
2017-07-21,81.57
2017-07-22,81.57
2017-07-23,80.49
2017-07-24,81.24
2017-07-25,81.15
2017-07-26,80.76
2017-07-27,80.88
2017-07-28,80.84
2017-07-29,81.00
2017-07-30,80.42
2017-07-31,80.73
2017-08-01,80.22
2017-08-02,80.07
2017-08-03,80.06
2017-08-04,80.09
2017-08-05,80.06
2017-08-06,78.29
2017-08-07,81.61
2017-08-08,80.31
2017-08-09,80.18
2017-08-10,80.31
2017-08-11,80.22
2017-08-12,79.95
2017-08-13,79.31
2017-08-14,80.60
2017-08-15,80.72
2017-08-16,80.12
2017-08-17,80.11
2017-08-18,81.24
2017-08-19,81.39
2017-08-20,80.33
2017-08-21,81.43
2017-08-22,81.58
2017-08-23,81.08
2017-08-24,81.05
2017-08-25,80.89
2017-08-26,81.19
2017-08-27,81.58
2017-08-28,82.29
2017-08-29,81.88
2017-08-30,81.44
2017-08-31,82.07
2017-09-01,82.51
2017-09-02,82.09
2017-09-03,82.09
2017-09-04,83.58
2017-09-05,83.08
2017-09-06,83.03
2017-09-07,82.90
2017-09-08,82.99
2017-09-09,83.01
2017-09-10,81.81
2017-09-11,83.00
2017-09-12,83.14
2017-09-13,83.58
2017-09-14,83.63
2017-09-15,83.51
2017-09-16,83.99
2017-09-17,82.72
2017-09-18,83.50
2017-09-19,83.10
2017-09-20,81.93
2017-09-21,83.79
2017-09-22,83.40
2017-09-23,84.62
2017-09-24,82.66
2017-09-25,84.19
2017-09-26,83.72
2017-09-27,83.90
2017-09-28,83.00
2017-09-29,82.51
2017-09-30,83.94
2017-10-01,84.51
2017-10-02,85.11
2017-10-03,83.05
2017-10-04,83.43
2017-10-05,82.85
2017-10-06,83.32
2017-10-07,83.33
2017-10-08,81.48
2017-10-09,82.55
2017-10-10,82.63
2017-10-11,82.86
2017-10-12,82.78
2017-10-13,82.52
2017-10-14,82.72
2017-10-15,82.24
2017-10-16,82.40
2017-10-17,82.06
2017-10-18,82.04
2017-10-19,84.18
2017-10-20,83.29
2017-10-21,83.48
2017-10-22,82.72
2017-10-23,82.26
2017-10-24,81.88
2017-10-25,81.92
2017-10-26,82.04
2017-10-27,81.67
2017-10-28,81.70
2017-10-29,80.38
2017-10-30,81.51
2017-10-31,81.60
2017-11-01,80.53
2017-11-02,80.81
2017-11-03,81.14
2017-11-04,81.36
2017-11-05,79.68
2017-11-06,80.00
2017-11-07,80.26
2017-11-08,80.34
2017-11-09,80.47
2017-11-10,79.89
2017-11-11,80.64
2017-11-12,79.69
2017-11-13,79.77
2017-11-14,79.78
2017-11-15,79.69
2017-11-16,79.56
2017-11-17,79.39
2017-11-18,78.98
2017-11-19,78.29
2017-11-20,79.47
2017-11-21,79.19
2017-11-22,78.93
2017-11-23,78.88
2017-11-24,79.21
2017-11-25,78.74
2017-11-26,78.38
2017-11-27,78.81
2017-11-28,78.11
2017-11-29,78.59
2017-11-30,78.65
2017-12-01,78.53
2017-12-02,78.01
2017-12-03,77.50
2017-12-04,78.41
2017-12-05,78.33
2017-12-06,78.16
2017-12-07,77.80
2017-12-08,77.96
2017-12-09,77.36
2017-12-10,76.51
2017-12-11,78.26
2017-12-12,77.51
2017-12-13,77.49
2017-12-14,77.78
2017-12-15,76.73
2017-12-16,76.95
2017-12-17,75.28
2017-12-18,76.01
2017-12-19,76.80
2017-12-20,76.57
2017-12-21,76.54
2017-12-22,76.27
2017-12-23,76.41
2017-12-24,75.51
2017-12-25,75.41
2017-12-26,77.55
2017-12-27,75.43
2017-12-28,74.69
2017-12-29,74.87
2017-12-30,74.65
2017-12-31,74.60
2018-01-01,75.30
2018-01-02,75.33
2018-01-03,75.54
2018-01-04,75.25
2018-01-05,75.00
2018-01-06,75.09
2018-01-07,73.00
2018-01-08,74.95
2018-01-09,74.56
2018-01-10,74.37
2018-01-11,74.61
2018-01-12,74.76
2018-01-13,70.44
2018-01-14,70.25
2018-01-15,73.38
2018-01-16,73.56
2018-01-17,73.82
2018-01-18,74.19
2018-01-19,74.04
2018-01-20,73.85
2018-01-21,71.61
2018-01-22,74.56
2018-01-23,73.23
2018-01-24,73.03
2018-01-25,72.79
2018-01-26,69.56
2018-01-27,74.47
2018-01-28,71.80
2018-01-29,73.16
2018-01-30,73.25
2018-01-31,73.11
2018-02-01,72.72
2018-02-02,72.76
2018-02-03,72.61
2018-02-04,71.33
2018-02-05,71.76
2018-02-06,72.53
2018-02-07,72.37
2018-02-08,72.49
2018-02-09,72.26
2018-02-10,70.68
2018-02-11,69.04
2018-02-12,71.40
2018-02-13,70.22
2018-02-14,72.01
2018-02-15,71.09
2018-02-16,71.24
2018-02-17,70.75
2018-02-18,68.89
2018-02-19,71.17
2018-02-20,71.02
2018-02-21,70.67
2018-02-22,71.03
2018-02-23,70.97
2018-02-24,71.63
2018-02-25,70.74
2018-02-26,71.29
2018-02-27,71.00
2018-02-28,71.47
2018-03-01,72.63
2018-03-02,72.22
2018-03-03,70.68
2018-03-04,67.33
2018-03-05,71.34
2018-03-06,70.48
2018-03-07,70.55
2018-03-08,70.07
2018-03-09,69.98
2018-03-10,68.04
2018-03-11,66.54
2018-03-12,69.24
2018-03-13,69.38
2018-03-14,69.79
2018-03-15,69.55
2018-03-16,69.13
2018-03-17,70.01
2018-03-18,69.30
2018-03-19,69.76
2018-03-20,69.51
2018-03-21,70.03
2018-03-22,69.37
2018-03-23,68.61
2018-03-24,68.89
2018-03-25,66.49
2018-03-26,67.36
2018-03-27,68.79
2018-03-28,68.61
2018-03-29,68.30
2018-03-30,66.97
2018-03-31,66.71
2018-04-01,66.49
2018-04-02,68.49
2018-04-03,68.65
2018-04-04,68.37
2018-04-05,67.80
2018-04-06,66.98
2018-04-07,67.92
2018-04-08,66.11
2018-04-09,67.59
2018-04-10,68.42
2018-04-11,67.70
2018-04-12,67.59
2018-04-13,66.54
2018-04-14,65.44
2018-04-15,64.87
2018-04-16,67.06
2018-04-17,66.92
2018-04-18,66.13
2018-04-19,66.96
2018-04-20,65.73
2018-04-21,65.63
2018-04-22,63.64
2018-04-23,65.65
2018-04-24,65.88
2018-04-25,65.42
2018-04-26,65.28
2018-04-27,65.22
2018-04-28,64.27
2018-04-29,63.30
2018-04-30,67.03
2018-05-01,64.64
2018-05-02,64.95
2018-05-03,64.99
2018-05-04,65.12
2018-05-05,63.79
2018-05-06,62.93
2018-05-07,64.67
2018-05-08,64.86
2018-05-09,64.24
2018-05-10,64.49
2018-05-11,64.51
2018-05-12,63.82
2018-05-13,65.00
2018-05-14,64.85
2018-05-15,64.35
2018-05-16,64.64
2018-05-17,64.63
2018-05-18,64.89
2018-05-19,64.15
2018-05-20,63.84
2018-05-21,64.90
2018-05-22,64.88
2018-05-23,64.33
2018-05-24,64.57
2018-05-25,64.00
2018-05-26,63.78
2018-05-27,63.53
2018-05-28,63.94
2018-05-29,64.31
2018-05-30,64.88
2018-05-31,64.20
2018-06-01,64.85
2018-06-02,64.38
2018-06-03,63.44
2018-06-04,64.66
2018-06-05,64.89
2018-06-06,65.02
2018-06-07,64.51
2018-06-08,64.57
2018-06-09,62.94
2018-06-10,63.46
2018-06-11,63.38
2018-06-12,64.20
2018-06-13,64.04
2018-06-14,63.63
2018-06-15,62.22
2018-06-16,63.07
2018-06-17,63.84
2018-06-18,63.34
2018-06-19,63.48
2018-06-20,63.63
2018-06-21,63.62
2018-06-22,63.56
2018-06-23,62.28
2018-06-24,62.61
2018-06-25,63.78
2018-06-26,63.38
2018-06-27,63.26
2018-06-28,63.23
2018-06-29,63.17
2018-06-30,60.76
2018-07-01,61.31
2018-07-02,63.22
2018-07-03,62.97
2018-07-04,62.91
2018-07-05,62.85
2018-07-06,62.97
2018-07-07,62.25
2018-07-08,60.61
2018-07-09,62.76
2018-07-10,62.69
2018-07-11,62.90
2018-07-12,62.74
2018-07-13,62.75
2018-07-14,62.33
2018-07-15,62.47
2018-07-16,63.11
2018-07-17,63.62
2018-07-18,63.45
2018-07-19,63.85
2018-07-20,63.79
2018-07-21,63.18
2018-07-22,64.21
2018-07-23,64.51
2018-07-24,64.77
2018-07-25,65.03
2018-07-26,63.98
2018-07-27,65.12
2018-07-28,64.25
2018-07-29,65.38
2018-07-30,64.78
2018-07-31,65.21
2018-08-01,64.94
2018-08-02,64.90
2018-08-03,64.49
2018-08-04,64.34
2018-08-05,63.78
2018-08-06,64.47
2018-08-07,64.74
2018-08-08,65.31
2018-08-09,65.40
2018-08-10,65.33
2018-08-11,65.28
2018-08-12,64.91
2018-08-13,64.84
2018-08-14,64.84
2018-08-15,64.63
2018-08-16,64.83
2018-08-17,65.73
2018-08-18,65.36
2018-08-19,64.76
2018-08-20,64.94
2018-08-21,65.64
2018-08-22,64.69
2018-08-23,65.14
2018-08-24,64.81
2018-08-25,65.62
2018-08-26,66.02
2018-08-27,65.00
2018-08-28,65.36
2018-08-29,65.05
2018-08-30,64.83
2018-08-31,64.88
2018-09-01,65.13
2018-09-02,65.69
2018-09-03,65.42
2018-09-04,64.74
2018-09-05,64.23
2018-09-06,65.20
2018-09-07,65.05
2018-09-08,63.89
2018-09-09,65.00
2018-09-10,64.45
2018-09-11,64.41
2018-09-12,65.38
2018-09-13,64.77
2018-09-14,64.37
2018-09-15,65.23
2018-09-16,63.42
2018-09-17,64.71
2018-09-18,64.76
2018-09-19,65.33
2018-09-20,64.36
2018-09-21,65.39
2018-09-22,64.97
2018-09-23,65.09
2018-09-24,64.57
2018-09-25,64.57
2018-09-26,64.53
2018-09-27,64.44
2018-09-28,64.43
2018-09-29,64.49
2018-09-30,64.68
2018-10-01,64.41
2018-10-02,64.22
2018-10-03,64.09
2018-10-04,64.43
2018-10-05,64.38
2018-10-06,63.84
2018-10-07,64.62
2018-10-08,64.24
2018-10-09,64.64
2018-10-10,63.94
2018-10-11,64.25
2018-10-12,63.85
2018-10-13,64.51
2018-10-14,63.94
2018-10-15,64.35
2018-10-16,64.74
2018-10-17,65.15
2018-10-18,64.65
2018-10-19,65.24
2018-10-20,64.07
2018-10-21,62.32
2018-10-22,64.12
2018-10-23,64.21
2018-10-24,63.60
2018-10-25,63.79
2018-10-26,64.17
2018-10-27,64.04
2018-10-28,64.84
2018-10-29,63.91
2018-10-30,64.12
2018-10-31,63.57
2018-11-01,63.83
2018-11-02,64.23
2018-11-03,64.17
2018-11-04,64.62
2018-11-05,64.42
2018-11-06,63.47
2018-11-07,66.35
2018-11-08,65.43
2018-11-09,65.90
2018-11-10,64.26
2018-11-11,65.12
2018-11-12,64.66
2018-11-13,65.48
2018-11-14,64.94
2018-11-15,65.38
2018-11-16,64.91
2018-11-17,64.83
2018-11-18,65.40
2018-11-19,65.05
2018-11-20,64.59
2018-11-21,65.19
2018-11-22,65.18
2018-11-23,65.68
2018-11-24,65.04
2018-11-25,64.86
2018-11-26,65.43
2018-11-27,65.70
2018-11-28,65.71
2018-11-29,65.63
2018-11-30,65.60
2018-12-01,65.66
2018-12-02,65.75
2018-12-03,65.58
2018-12-04,66.12
2018-12-05,65.99
2018-12-06,65.50
2018-12-07,65.80
2018-12-08,65.97
2018-12-09,67.14
2018-12-10,66.30
2018-12-11,66.08
2018-12-12,65.99
2018-12-13,66.15
2018-12-14,65.77
2018-12-15,65.55
2018-12-16,65.28
2018-12-17,65.70
2018-12-18,66.09
2018-12-19,65.75
2018-12-20,66.27
2018-12-21,65.73
2018-12-22,65.99
2018-12-23,65.68
2018-12-24,66.56
2018-12-25,66.78
2018-12-26,66.47
2018-12-27,66.81
2018-12-28,66.53
2018-12-29,67.00
2018-12-30,65.31
2018-12-31,66.89
2019-01-01,66.02
2019-01-02,66.59
2019-01-03,66.27
2019-01-04,66.59
2019-01-05,66.64
2019-01-06,65.70
2019-01-07,66.69
2019-01-08,66.34
2019-01-09,66.49
2019-01-10,66.82
2019-01-11,66.62
2019-01-12,66.59
2019-01-13,65.98
2019-01-14,67.17
2019-01-15,66.24
2019-01-16,66.20
2019-01-17,66.29
2019-01-18,66.41
2019-01-19,66.43
2019-01-20,66.02
2019-01-21,66.27
2019-01-22,65.96
2019-01-23,66.34
2019-01-24,66.64
2019-01-25,66.64
2019-01-26,66.39
2019-01-27,65.49
2019-01-28,66.27
2019-01-29,66.88
2019-01-30,66.65
2019-01-31,66.57
2019-02-01,66.44
2019-02-02,66.44
2019-02-03,67.51
2019-02-04,66.35
2019-02-05,66.89
2019-02-06,66.64
2019-02-07,66.60
2019-02-08,66.46
2019-02-09,66.91
2019-02-10,66.17
2019-02-11,66.53
2019-02-12,66.51
2019-02-13,66.68
2019-02-14,66.69
2019-02-15,66.69
2019-02-16,66.95
2019-02-17,64.95
2019-02-18,66.38
2019-02-19,67.64
2019-02-20,66.55
2019-02-21,66.29
2019-02-22,66.16
2019-02-23,66.28
2019-02-24,65.87
2019-02-25,66.33
2019-02-26,66.60
2019-02-27,66.55
2019-02-28,66.56
2019-03-01,66.50
2019-03-02,66.65
2019-03-03,66.23
2019-03-04,67.25
2019-03-05,66.41
2019-03-06,65.81
2019-03-07,65.60
2019-03-08,65.68
2019-03-09,65.33
2019-03-10,65.62
2019-03-11,65.06
2019-03-12,65.17
2019-03-13,64.75
2019-03-14,64.83
2019-03-15,64.93
2019-03-16,64.59
2019-03-17,64.19
2019-03-18,64.59
2019-03-19,64.52
2019-03-20,64.79
2019-03-21,65.75
2019-03-22,64.64
2019-03-23,64.15
2019-03-24,64.28
2019-03-25,64.65
2019-03-26,64.81
2019-03-27,64.73
2019-03-28,64.89
2019-03-29,64.64
2019-03-30,64.66
2019-03-31,64.34
2019-04-01,64.88
2019-04-02,64.89
2019-04-03,64.83
2019-04-04,64.82
2019-04-05,65.01
2019-04-06,65.17
2019-04-07,64.02
2019-04-08,65.06
2019-04-09,64.91
2019-04-10,65.13
2019-04-11,64.77
2019-04-12,65.20
2019-04-13,64.96
2019-04-14,64.31
2019-04-15,64.66
2019-04-16,64.73
2019-04-17,64.96
2019-04-18,64.21
2019-04-19,63.94
2019-04-20,65.34
2019-04-21,64.00
2019-04-22,64.68
2019-04-23,64.87
2019-04-24,64.42
2019-04-25,65.09
2019-04-26,65.13
2019-04-27,65.70
2019-04-28,64.05
2019-04-29,64.82
2019-04-30,65.03
2019-05-01,64.49
2019-05-02,65.03
2019-05-03,65.49
2019-05-04,66.05
2019-05-05,64.67
2019-05-06,65.96
2019-05-07,65.63
2019-05-08,65.30
2019-05-09,65.42
2019-05-10,65.26
2019-05-11,64.60
2019-05-12,64.64
2019-05-13,65.44
2019-05-14,65.42
2019-05-15,65.58
2019-05-16,65.52
2019-05-17,65.83
2019-05-18,65.84
2019-05-19,65.42
2019-05-20,65.96
2019-05-21,65.58
2019-05-22,65.63
2019-05-23,66.24
2019-05-24,65.99
2019-05-25,66.70
2019-05-26,66.08
2019-05-27,66.15
2019-05-28,66.16
2019-05-29,65.52
2019-05-30,66.20
2019-05-31,66.20
2019-06-01,66.37
2019-06-02,65.98
2019-06-03,66.19
2019-06-04,66.38
2019-06-05,65.18
2019-06-06,66.52
2019-06-07,65.81
2019-06-08,65.92
2019-06-09,66.50
2019-06-10,66.02
2019-06-11,66.24
2019-06-12,66.01
2019-06-13,66.08
2019-06-14,65.97
2019-06-15,66.14
2019-06-16,66.22
2019-06-17,66.39
2019-06-18,66.03
2019-06-19,66.34
2019-06-20,66.23
2019-06-21,66.60
2019-06-22,66.64
2019-06-23,65.48
2019-06-24,66.17
2019-06-25,65.91
2019-06-26,66.15
2019-06-27,66.12
2019-06-28,66.23
2019-06-29,67.09
2019-06-30,65.22
2019-07-01,66.54
2019-07-02,66.42
2019-07-03,65.92
2019-07-04,66.16
2019-07-05,66.29
2019-07-06,66.25
2019-07-07,65.28
2019-07-08,66.61
2019-07-09,66.67
2019-07-10,66.43
2019-07-11,66.21
2019-07-12,66.29
2019-07-13,65.32
2019-07-14,65.27
2019-07-15,65.91
2019-07-16,65.91
2019-07-17,65.93
2019-07-18,66.08
2019-07-19,66.21
2019-07-20,66.68
2019-07-21,66.12
2019-07-22,65.93
2019-07-23,66.05
2019-07-24,66.08
2019-07-25,66.03
2019-07-26,66.22
2019-07-27,66.37
2019-07-28,65.31
2019-07-29,66.57
2019-07-30,66.23
2019-07-31,65.62
2019-08-01,66.33
2019-08-02,65.87
2019-08-03,66.42
2019-08-04,64.68
2019-08-05,65.62
2019-08-06,65.62
2019-08-07,66.20
2019-08-08,66.21
2019-08-09,66.37
2019-08-10,65.85
2019-08-11,66.08
2019-08-12,66.59
2019-08-13,66.34
2019-08-14,66.59
2019-08-15,65.55
2019-08-16,66.45
2019-08-17,66.58
2019-08-18,65.81
2019-08-19,66.25
2019-08-20,65.60
2019-08-21,65.70
2019-08-22,65.60
2019-08-23,65.68
2019-08-24,65.02
2019-08-25,63.69
2019-08-26,65.61
2019-08-27,65.93
2019-08-28,65.26
2019-08-29,65.69
2019-08-30,65.93
2019-08-31,66.11
2019-09-01,64.38
2019-09-02,65.44
2019-09-03,65.59
2019-09-04,66.11
2019-09-05,65.62
2019-09-06,65.59
2019-09-07,66.71
2019-09-08,65.25
2019-09-09,65.13
2019-09-10,65.29
2019-09-11,64.71
2019-09-12,65.34
2019-09-13,65.38
2019-09-14,65.31
2019-09-15,64.83
2019-09-16,65.81
2019-09-17,66.08
2019-09-18,65.95
2019-09-19,65.83
2019-09-20,65.62
2019-09-21,65.44
2019-09-22,64.45
2019-09-23,65.99
2019-09-24,65.75
2019-09-25,65.72
2019-09-26,65.72
2019-09-27,65.73
2019-09-28,65.79
2019-09-29,65.35
2019-09-30,65.85
2019-10-01,66.04
2019-10-02,64.34
2019-10-03,66.24
2019-10-04,66.45
2019-10-05,66.29
2019-10-06,64.61
2019-10-07,65.62
2019-10-08,64.93
2019-10-09,66.22
2019-10-10,66.59
2019-10-11,66.36
2019-10-12,65.08
2019-10-13,65.30
2019-10-14,66.52
2019-10-15,66.36
2019-10-16,66.45
2019-10-17,66.12
2019-10-18,66.79
2019-10-19,66.49
2019-10-20,64.71
2019-10-21,66.40
2019-10-22,66.86
2019-10-23,66.50
2019-10-24,66.70
2019-10-25,66.24
2019-10-26,67.10
2019-10-27,65.68
2019-10-28,66.75
2019-10-29,67.76
2019-10-30,66.43
2019-10-31,66.71
2019-11-01,66.47
2019-11-02,65.89
2019-11-03,64.80
2019-11-04,66.54
2019-11-05,66.59
2019-11-06,67.10
2019-11-07,67.23
2019-11-08,67.36
2019-11-09,66.21
2019-11-10,66.25
2019-11-11,67.27
2019-11-12,67.50
2019-11-13,67.11
2019-11-14,67.44
2019-11-15,66.96
2019-11-16,66.32
2019-11-17,66.32
2019-11-18,67.28
2019-11-19,67.77
2019-11-20,67.91
2019-11-21,67.85
2019-11-22,67.72
2019-11-23,66.91
2019-11-24,65.56
2019-11-25,66.81
2019-11-26,67.53
2019-11-27,67.52
2019-11-28,67.58
2019-11-29,67.72
2019-11-30,67.46
2019-12-01,65.96
2019-12-02,67.39
2019-12-03,67.13
2019-12-04,67.14
2019-12-05,66.96
2019-12-06,67.32
2019-12-07,66.87
2019-12-08,65.71
2019-12-09,66.96
2019-12-10,66.79
2019-12-11,67.05
2019-12-12,66.24
2019-12-13,66.99
2019-12-14,65.90
2019-12-15,64.92
2019-12-16,66.67
2019-12-17,66.47
2019-12-18,65.95
2019-12-19,66.50
2019-12-20,66.26
2019-12-21,66.61
2019-12-22,65.95
2019-12-23,66.27
2019-12-24,66.32
2019-12-25,66.20
2019-12-26,65.85
2019-12-27,66.59
2019-12-28,66.55
2019-12-29,65.22
2019-12-30,66.81
2019-12-31,66.37
2020-01-01,65.92
2020-01-02,65.93
2020-01-03,66.34
2020-01-04,66.85
2020-01-05,64.91
2020-01-06,67.03
2020-01-07,67.21
2020-01-08,65.95
2020-01-09,66.16
2020-01-10,66.71
2020-01-11,65.85
2020-01-12,65.06
2020-01-13,66.32
2020-01-14,66.99
2020-01-15,65.48
2020-01-16,66.13
2020-01-17,66.19
2020-01-18,66.13
2020-01-19,64.80
2020-01-20,66.85
2020-01-21,66.46
2020-01-22,66.71
2020-01-23,66.57
2020-01-24,66.38
2020-01-25,66.41
2020-01-26,65.36
2020-01-27,66.34
2020-01-28,66.14
2020-01-29,66.63
2020-01-30,66.90
2020-01-31,66.45
2020-02-01,65.82
2020-02-02,64.81
2020-02-03,66.17
2020-02-04,66.38
2020-02-05,66.56
2020-02-06,66.35
2020-02-07,66.35
2020-02-08,64.90
2020-02-09,65.49
2020-02-10,65.44
2020-02-11,65.78
2020-02-12,65.83
2020-02-13,65.93
2020-02-14,66.00
2020-02-15,65.55
2020-02-16,63.98
2020-02-17,65.86
2020-02-18,65.49
2020-02-19,65.81
2020-02-20,65.35
2020-02-21,65.53
2020-02-22,65.95
2020-02-23,64.27
2020-02-24,65.24
2020-02-25,65.34
2020-02-26,65.63
2020-02-27,65.41
2020-02-28,64.96
2020-02-29,64.99
2020-03-01,64.31
2020-03-02,65.39
2020-03-03,65.45
2020-03-04,64.55
2020-03-05,64.50
2020-03-06,64.71
2020-03-07,64.23
2020-03-08,63.95
2020-03-09,64.36
2020-03-10,65.46
2020-03-11,65.31
2020-03-12,65.10
2020-03-13,65.13
2020-03-14,63.71
2020-03-15,63.93
2020-03-16,65.45
2020-03-17,64.96
2020-03-18,65.01
2020-03-19,64.86
2020-03-20,65.20
2020-03-21,64.06
2020-03-22,63.78
2020-03-23,64.75
2020-03-24,64.51
2020-03-25,64.81
2020-03-26,65.15
2020-03-27,65.51
2020-03-28,65.48
2020-03-29,65.89
2020-03-30,67.01
2020-03-31,67.06
2020-04-01,67.46
2020-04-02,68.59
2020-04-03,68.54
2020-04-04,68.38
2020-04-05,67.90
2020-04-06,68.84
2020-04-07,69.12
2020-04-08,68.78
2020-04-09,68.90
2020-04-10,69.30
2020-04-11,68.32
2020-04-12,69.20
2020-04-13,69.21
2020-04-14,68.64
2020-04-15,69.43
2020-04-16,69.58
2020-04-17,69.44
2020-04-18,69.63
2020-04-19,69.16
2020-04-20,69.52
2020-04-21,69.57
2020-04-22,69.46
2020-04-23,69.30
2020-04-24,69.20
2020-04-25,69.34
2020-04-26,68.81
2020-04-27,68.80
2020-04-28,68.98
2020-04-29,69.05
2020-04-30,69.41
2020-05-01,68.42
2020-05-02,69.07
2020-05-03,68.89
2020-05-04,69.13
2020-05-05,68.95
2020-05-06,68.99
2020-05-07,68.69
2020-05-08,69.23
2020-05-09,68.14
2020-05-10,68.16
2020-05-11,68.80
2020-05-12,68.65
2020-05-13,68.47
2020-05-14,68.59
2020-05-15,68.30
2020-05-16,68.45
2020-05-17,67.83
2020-05-18,68.14
2020-05-19,68.69
2020-05-20,68.25
2020-05-21,67.81
2020-05-22,68.63
2020-05-23,68.15
2020-05-24,67.30
2020-05-25,68.56
2020-05-26,67.65
2020-05-27,67.37
2020-05-28,67.42
2020-05-29,67.56
2020-05-30,66.74
2020-05-31,66.48
2020-06-01,67.23
2020-06-02,67.76
2020-06-03,67.05
2020-06-04,67.48
2020-06-05,67.53
2020-06-06,66.52
2020-06-07,65.80
2020-06-08,66.91
2020-06-09,66.84
2020-06-10,66.69
2020-06-11,66.25
2020-06-12,66.94
2020-06-13,65.83
2020-06-14,66.17
2020-06-15,66.00
2020-06-16,66.48
2020-06-17,66.35
2020-06-18,66.23
2020-06-19,66.46
2020-06-20,65.37
2020-06-21,65.49
2020-06-22,66.14
2020-06-23,66.25
2020-06-24,66.08
2020-06-25,66.57
2020-06-26,66.75
2020-06-27,65.98
2020-06-28,66.13
2020-06-29,67.17
2020-06-30,67.26
2020-07-01,66.59
2020-07-02,66.23
2020-07-03,66.85
2020-07-04,66.16
2020-07-05,66.10
2020-07-06,66.10
2020-07-07,66.60
2020-07-08,66.50
2020-07-09,66.44
2020-07-10,65.95
2020-07-11,66.11
2020-07-12,66.30
2020-07-13,66.55
2020-07-14,66.87
2020-07-15,67.00
2020-07-16,66.80
2020-07-17,66.69
2020-07-18,66.97
2020-07-19,65.88
2020-07-20,66.15
2020-07-21,66.65
2020-07-22,66.56
2020-07-23,66.63
2020-07-24,66.48
2020-07-25,66.49
2020-07-26,66.38
2020-07-27,66.44
2020-07-28,66.59
2020-07-29,66.53
2020-07-30,66.57
2020-07-31,66.07
2020-08-01,66.61
2020-08-02,65.86
2020-08-03,66.37
2020-08-04,66.15
2020-08-05,66.30
2020-08-06,66.29
2020-08-07,66.33
2020-08-08,66.80
2020-08-09,66.35
2020-08-10,66.31
2020-08-11,66.62
2020-08-12,67.96
2020-08-13,66.36
2020-08-14,66.51
2020-08-15,67.11
2020-08-16,65.76
2020-08-17,65.77
2020-08-18,66.10
2020-08-19,65.97
2020-08-20,65.94
2020-08-21,66.15
2020-08-22,65.95
2020-08-23,65.68
2020-08-24,66.42
2020-08-25,66.31
2020-08-26,66.48
2020-08-27,66.59
2020-08-28,66.43
2020-08-29,66.39
2020-08-30,66.69
2020-08-31,66.60
2020-09-01,66.69
2020-09-02,67.21
2020-09-03,67.46
2020-09-04,67.02
2020-09-05,67.91
2020-09-06,67.62
2020-09-07,67.90
2020-09-08,67.74
2020-09-09,68.09
2020-09-10,68.31
2020-09-11,68.39
2020-09-12,68.25
2020-09-13,67.97
2020-09-14,68.40
2020-09-15,68.49
2020-09-16,68.78
2020-09-17,68.24
2020-09-18,68.90
2020-09-19,68.76
2020-09-20,69.38
2020-09-21,69.24
2020-09-22,69.28
2020-09-23,69.75
2020-09-24,69.81
2020-09-25,70.07
2020-09-26,70.39
2020-09-27,69.45
2020-09-28,70.51
2020-09-29,70.51
2020-09-30,70.53
2020-10-01,70.65
2020-10-02,69.86
2020-10-03,71.05
2020-10-04,70.42
2020-10-05,70.42
2020-10-06,70.85
2020-10-07,71.47
2020-10-08,71.91
2020-10-09,72.50
2020-10-10,71.72
2020-10-11,71.07
2020-10-12,72.87
2020-10-13,72.58
2020-10-14,72.22
2020-10-15,72.91
2020-10-16,73.07
2020-10-17,73.54
2020-10-18,73.22
2020-10-19,73.26
2020-10-20,73.19
2020-10-21,73.29
2020-10-22,73.12
2020-10-23,74.01
2020-10-24,73.04
2020-10-25,73.56
2020-10-26,72.37
2020-10-27,73.72
2020-10-28,74.13
2020-10-29,73.54
2020-10-30,74.33
2020-10-31,73.46
2020-11-01,73.85
2020-11-02,73.52
2020-11-03,73.48
2020-11-04,73.52
2020-11-05,73.29
2020-11-06,73.45
2020-11-07,73.55
2020-11-08,73.19
2020-11-09,73.51
2020-11-10,74.36
2020-11-11,74.25
2020-11-12,74.22
2020-11-13,74.38
2020-11-14,72.80
2020-11-15,73.66
2020-11-16,75.99
2020-11-17,74.99
2020-11-18,74.52
2020-11-19,74.76
2020-11-20,74.48
2020-11-21,73.83
2020-11-22,73.75
2020-11-23,74.27
2020-11-24,74.88
2020-11-25,74.78
2020-11-26,74.10
2020-11-27,75.18
2020-11-28,75.18
2020-11-29,73.85
2020-11-30,76.62
2020-12-01,74.49
2020-12-02,74.37
2020-12-03,74.25
2020-12-04,74.56
2020-12-05,74.54
2020-12-06,73.51
2020-12-07,75.04
2020-12-08,74.31
2020-12-09,74.63
2020-12-10,73.90
2020-12-11,74.24
2020-12-12,73.08
2020-12-13,72.43
2020-12-14,74.43
2020-12-15,74.51
2020-12-16,74.01
2020-12-17,74.10
2020-12-18,73.79
2020-12-19,73.12
2020-12-20,72.78
2020-12-21,73.69
2020-12-22,73.62
2020-12-23,73.44
2020-12-24,73.26
2020-12-25,72.74
2020-12-26,72.89
2020-12-27,72.95
2020-12-28,73.04
2020-12-29,72.87
2020-12-30,73.17
2020-12-31,73.01
2021-01-01,73.01
2021-01-02,71.83
2021-01-03,71.82
2021-01-04,75.04
2021-01-05,72.92
2021-01-06,75.00
2021-01-07,74.92
2021-01-08,73.99
2021-01-09,72.76
2021-01-10,73.34
2021-01-11,75.14
2021-01-12,75.28
2021-01-13,74.90
2021-01-14,72.95
2021-01-15,72.40
2021-01-16,73.73
2021-01-17,72.64
2021-01-18,73.69
2021-01-19,73.90
2021-01-20,74.05
2021-01-21,73.26
2021-01-22,73.44
2021-01-23,72.38
2021-01-24,71.79
2021-01-25,72.78
2021-01-26,73.00
2021-01-27,72.92
2021-01-28,72.12
2021-01-29,72.30
2021-01-30,71.20
2021-01-31,72.25
2021-02-01,72.22
2021-02-02,72.25
2021-02-03,72.24
2021-02-04,71.88
2021-02-05,71.54
2021-02-06,71.74
2021-02-07,71.82
2021-02-08,72.39
2021-02-09,72.06
2021-02-10,72.09
2021-02-11,72.44
2021-02-12,71.57
2021-02-13,71.11
2021-02-14,70.23
2021-02-15,72.07
2021-02-16,72.95
2021-02-17,71.70
2021-02-18,72.22
2021-02-19,72.08
2021-02-20,72.99
2021-02-21,71.97
2021-02-22,72.74
2021-02-23,72.43
2021-02-24,73.75
2021-02-25,72.38
2021-02-26,72.36
2021-02-27,72.38
2021-02-28,72.44
2021-03-01,72.96
2021-03-02,72.34
2021-03-03,72.80
2021-03-04,72.56
2021-03-05,72.95
2021-03-06,73.11
2021-03-07,72.50
2021-03-08,74.42
2021-03-09,72.55
2021-03-10,73.15
2021-03-11,72.56
2021-03-12,73.30
2021-03-13,73.18
2021-03-14,73.20
2021-03-15,73.27
2021-03-16,73.24
2021-03-17,73.91
2021-03-18,74.48
2021-03-19,74.56
2021-03-20,74.04
2021-03-21,72.51
2021-03-22,74.57
2021-03-23,74.46
2021-03-24,74.16
2021-03-25,73.69
2021-03-26,74.61
2021-03-27,73.81
2021-03-28,73.71
2021-03-29,75.51
2021-03-30,73.96
2021-03-31,73.99
2021-04-01,73.32
2021-04-02,73.12
2021-04-03,74.22
2021-04-04,73.23
2021-04-05,74.39
2021-04-06,73.62
2021-04-07,73.97
2021-04-08,73.80
2021-04-09,74.00
2021-04-10,73.59
2021-04-11,73.45
2021-04-12,74.12
2021-04-13,74.25
2021-04-14,73.84
2021-04-15,74.89
2021-04-16,74.53
2021-04-17,74.58
2021-04-18,72.67
2021-04-19,74.86
2021-04-20,75.22
2021-04-21,75.74
2021-04-22,76.07
2021-04-23,76.01
2021-04-24,75.49
2021-04-25,75.48
2021-04-26,76.11
2021-04-27,76.95
2021-04-28,76.83
2021-04-29,77.50
2021-04-30,77.79
2021-05-01,76.81
2021-05-02,75.85
2021-05-03,77.15
2021-05-04,76.97
2021-05-05,77.17
2021-05-06,78.05
2021-05-07,76.91
2021-05-08,76.08
2021-05-09,76.27
2021-05-10,76.98
2021-05-11,77.92
2021-05-12,76.84
2021-05-13,76.93
2021-05-14,76.60
2021-05-15,77.21
2021-05-16,76.14
2021-05-17,77.17
2021-05-18,76.76
2021-05-19,76.83
2021-05-20,77.24
2021-05-21,77.65
2021-05-22,76.27
2021-05-23,76.54
2021-05-24,77.03
2021-05-25,77.73
2021-05-26,76.75
2021-05-27,76.78
2021-05-28,77.05
2021-05-29,76.93
2021-05-30,76.27
2021-05-31,77.58
2021-06-01,77.61
2021-06-02,77.21
2021-06-03,76.79
2021-06-04,76.46
2021-06-05,77.10
2021-06-06,75.72
2021-06-07,77.09
2021-06-08,77.31
2021-06-09,76.68
2021-06-10,77.60
2021-06-11,77.63
2021-06-12,76.06
2021-06-13,76.79
2021-06-14,77.21
2021-06-15,76.71
2021-06-16,76.17
2021-06-17,76.76
2021-06-18,76.81
2021-06-19,76.69
2021-06-20,76.92
2021-06-21,76.54
2021-06-22,76.49
2021-06-23,76.74
2021-06-24,76.74
2021-06-25,76.69
2021-06-26,75.50
2021-06-27,75.77
2021-06-28,76.36
2021-06-29,76.13
2021-06-30,75.98
2021-07-01,76.52
2021-07-02,76.48
2021-07-03,75.55
2021-07-04,74.75
2021-07-05,75.78
2021-07-06,75.26
2021-07-07,75.38
2021-07-08,75.55
2021-07-09,75.24
2021-07-10,73.82
2021-07-11,74.25
2021-07-12,75.86
2021-07-13,75.34
2021-07-14,75.02
2021-07-15,75.40
2021-07-16,75.51
2021-07-17,75.10
2021-07-18,74.14
2021-07-19,75.33
2021-07-20,75.36
2021-07-21,73.80
2021-07-22,74.88
2021-07-23,75.25
2021-07-24,73.89
2021-07-25,74.22
2021-07-26,75.37
2021-07-27,75.07
2021-07-28,75.19
2021-07-29,74.98
2021-07-30,75.09
2021-07-31,74.26
2021-08-01,74.31
2021-08-02,75.60
2021-08-03,75.34
2021-08-04,75.39
2021-08-05,75.71
2021-08-06,75.73
2021-08-07,74.71
2021-08-08,74.75
2021-08-09,75.88
2021-08-10,75.44
2021-08-11,75.50
2021-08-12,75.74
2021-08-13,75.14
2021-08-14,73.82
2021-08-15,74.21
2021-08-16,74.98
2021-08-17,74.84
2021-08-18,74.83
2021-08-19,73.93
2021-08-20,73.97
2021-08-21,74.32
2021-08-22,73.55
2021-08-23,74.49
2021-08-24,75.00
2021-08-25,74.83
2021-08-26,75.66
2021-08-27,75.62
2021-08-28,74.52
2021-08-29,74.07
2021-08-30,74.64
2021-08-31,75.22
2021-09-01,74.86
2021-09-02,75.01
2021-09-03,75.25
2021-09-04,74.58
2021-09-05,74.46
2021-09-06,75.31
2021-09-07,75.50
2021-09-08,75.09
2021-09-09,75.77
2021-09-10,75.68
2021-09-11,75.51
2021-09-12,74.88
2021-09-13,76.41
2021-09-14,75.94
2021-09-15,75.89
2021-09-16,75.91
2021-09-17,75.90
2021-09-18,75.69
2021-09-19,74.70
2021-09-20,76.67
2021-09-21,75.62
2021-09-22,76.34
2021-09-23,76.29
2021-09-24,76.38
2021-09-25,75.99
2021-09-26,75.74
2021-09-27,75.69
2021-09-28,75.97
2021-09-29,76.36
2021-09-30,76.16
2021-10-01,75.89
2021-10-02,75.76
2021-10-03,75.44
2021-10-04,75.99
2021-10-05,76.42
2021-10-06,76.34
2021-10-07,76.34
2021-10-08,76.48
2021-10-09,75.62
2021-10-10,75.50
2021-10-11,75.99
2021-10-12,76.26
2021-10-13,76.91
2021-10-14,75.34
2021-10-15,75.56
2021-10-16,76.45
2021-10-17,75.29
2021-10-18,76.36
2021-10-19,75.50
2021-10-20,76.24
2021-10-21,76.34
2021-10-22,76.04
2021-10-23,76.02
2021-10-24,75.63
2021-10-25,76.89
2021-10-26,76.09
2021-10-27,75.99
2021-10-28,76.12
2021-10-29,75.89
2021-10-30,75.90
2021-10-31,75.11
2021-11-01,76.57
2021-11-02,76.65
2021-11-03,76.13
2021-11-04,75.27
2021-11-05,76.54
2021-11-06,76.54
2021-11-07,75.20
2021-11-08,76.91
2021-11-09,76.58
2021-11-10,76.43
2021-11-11,76.35
2021-11-12,76.33
2021-11-13,75.51
2021-11-14,75.44
2021-11-15,76.84
2021-11-16,76.19
2021-11-17,76.32
2021-11-18,76.46
2021-11-19,76.69
2021-11-20,75.94
2021-11-21,75.06
2021-11-22,76.74
2021-11-23,76.46
2021-11-24,76.24
2021-11-25,76.51
2021-11-26,76.23
2021-11-27,76.43
2021-11-28,74.45
2021-11-29,76.42
2021-11-30,76.07
2021-12-01,76.13
2021-12-02,76.20
2021-12-03,75.72
2021-12-04,75.94
2021-12-05,74.10
2021-12-06,75.85
2021-12-07,75.95
2021-12-08,75.83
2021-12-09,75.58
2021-12-10,75.64
2021-12-11,75.18
2021-12-12,74.53
2021-12-13,75.94
2021-12-14,75.90
2021-12-15,75.67
2021-12-16,75.32
2021-12-17,75.56
2021-12-18,75.30
2021-12-19,73.99
2021-12-20,75.56
2021-12-21,75.07
2021-12-22,75.95
2021-12-23,75.28
2021-12-24,75.64
2021-12-25,74.13
2021-12-26,73.72
2021-12-27,75.41
2021-12-28,75.04
2021-12-29,75.11
2021-12-30,75.06
2021-12-31,75.27
2022-01-01,75.48
2022-01-02,73.59
2022-01-03,74.82
2022-01-04,74.53
2022-01-05,74.29
2022-01-06,74.72
2022-01-07,74.86
2022-01-08,73.69
2022-01-09,72.64
2022-01-10,74.70
2022-01-11,74.55
2022-01-12,75.20
2022-01-13,75.11
2022-01-14,74.82
2022-01-15,75.01
2022-01-16,72.86
2022-01-17,74.81
2022-01-18,74.78
2022-01-19,74.39
2022-01-20,74.91
2022-01-21,75.06
2022-01-22,75.02
2022-01-23,73.03
2022-01-24,75.19
2022-01-25,74.77
2022-01-26,73.75
2022-01-27,75.15
2022-01-28,74.59
2022-01-29,74.68
2022-01-30,73.07
2022-01-31,74.71
2022-02-01,74.58
2022-02-02,74.65
2022-02-03,75.02
2022-02-04,74.96
2022-02-05,74.63
2022-02-06,72.58
2022-02-07,74.76
2022-02-08,74.91
2022-02-09,74.77
2022-02-10,74.85
2022-02-11,74.51
2022-02-12,73.58
2022-02-13,73.15
2022-02-14,74.90
2022-02-15,74.96
2022-02-16,74.91
2022-02-17,74.85
2022-02-18,75.15
2022-02-19,73.93
2022-02-20,72.87
2022-02-21,75.07
2022-02-22,75.11
2022-02-23,75.09
2022-02-24,75.33
2022-02-25,75.23
2022-02-26,74.33
2022-02-27,72.63
2022-02-28,74.30
2022-03-01,73.64
2022-03-02,74.71
2022-03-03,74.90
2022-03-04,74.36
2022-03-05,75.27
2022-03-06,73.75
2022-03-07,75.29
2022-03-08,75.03
2022-03-09,74.64
2022-03-10,74.58
2022-03-11,74.41
2022-03-12,73.26
2022-03-13,73.59
2022-03-14,74.97
2022-03-15,74.65
2022-03-16,74.47
2022-03-17,74.30
2022-03-18,75.37
2022-03-19,75.29
2022-03-20,72.60
2022-03-21,74.66
2022-03-22,75.20
2022-03-23,75.30
2022-03-24,75.18
2022-03-25,75.25
2022-03-26,74.70
2022-03-27,73.28
2022-03-28,74.14
2022-03-29,73.59
2022-03-30,74.46
2022-03-31,74.78
2022-04-01,74.65
2022-04-02,74.61
2022-04-03,73.09
2022-04-04,74.73
2022-04-05,74.45
2022-04-06,74.45
2022-04-07,74.46
2022-04-08,74.13
2022-04-09,73.56
2022-04-10,72.50
2022-04-11,75.01
2022-04-12,74.60
2022-04-13,74.96
2022-04-14,73.36
2022-04-15,73.52
2022-04-16,74.30
2022-04-17,73.25
2022-04-18,74.97
2022-04-19,74.30
2022-04-20,74.55
2022-04-21,74.60
2022-04-22,74.57
2022-04-23,74.45
2022-04-24,72.67
2022-04-25,74.47
2022-04-26,74.51
2022-04-27,74.62
2022-04-28,74.66
2022-04-29,74.12
2022-04-30,74.43
2022-05-01,72.74
2022-05-02,73.71
2022-05-03,73.02
2022-05-04,74.62
2022-05-05,74.77
2022-05-06,74.91
2022-05-07,74.48
2022-05-08,72.97
2022-05-09,74.74
2022-05-10,74.74
2022-05-11,74.54
2022-05-12,74.68
2022-05-13,74.43
2022-05-14,73.26
2022-05-15,72.81
2022-05-16,73.94
2022-05-17,74.31
2022-05-18,74.67
2022-05-19,74.63
2022-05-20,74.25
2022-05-21,74.22
2022-05-22,72.07
2022-05-23,74.46
2022-05-24,74.09
2022-05-25,74.43
2022-05-26,74.36
2022-05-27,74.20
2022-05-28,73.61
2022-05-29,71.76
2022-05-30,74.18
2022-05-31,73.90
2022-06-01,73.93
2022-06-02,73.95
2022-06-03,73.88
2022-06-04,73.61
2022-06-05,71.48
2022-06-06,73.87
2022-06-07,73.97
2022-06-08,73.82
2022-06-09,74.01
2022-06-10,73.91
2022-06-11,72.25
2022-06-12,71.49
2022-06-13,74.04
2022-06-14,74.04
2022-06-15,73.53
2022-06-16,73.89
2022-06-17,73.85
2022-06-18,74.09
2022-06-19,72.19
2022-06-20,74.59
2022-06-21,73.93
2022-06-22,73.88
2022-06-23,73.95
2022-06-24,73.93
2022-06-25,73.67
2022-06-26,71.68
2022-06-27,73.53
2022-06-28,73.80
2022-06-29,73.71
2022-06-30,73.56
2022-07-01,73.98
2022-07-02,73.38
2022-07-03,72.02
2022-07-04,73.76
2022-07-05,73.75
2022-07-06,73.40
2022-07-07,73.84
2022-07-08,73.80
2022-07-09,72.20
2022-07-10,71.91
2022-07-11,73.34
2022-07-12,73.53
2022-07-13,73.78
2022-07-14,73.82
2022-07-15,73.38
2022-07-16,72.78
2022-07-17,70.97
2022-07-18,73.83
2022-07-19,73.59
2022-07-20,73.73
2022-07-21,73.76
2022-07-22,73.75
2022-07-23,73.64
2022-07-24,71.73
2022-07-25,73.59
2022-07-26,73.66
2022-07-27,73.74
2022-07-28,72.51
2022-07-29,73.54
2022-07-30,73.31
2022-07-31,71.75
2022-08-01,73.58
2022-08-02,73.66
2022-08-03,73.66
2022-08-04,73.62
2022-08-05,73.59
2022-08-06,73.51
2022-08-07,71.88
2022-08-08,73.60
2022-08-09,72.41
2022-08-10,73.44
2022-08-11,73.53
2022-08-12,73.47
2022-08-13,72.46
2022-08-14,71.66
2022-08-15,71.73
2022-08-16,73.67
2022-08-17,73.46
2022-08-18,72.34
2022-08-19,73.75
2022-08-20,73.30
2022-08-21,70.77
2022-08-22,73.66
2022-08-23,73.48
2022-08-24,73.76
2022-08-25,73.81
2022-08-26,73.78
2022-08-27,73.98
2022-08-28,71.99
2022-08-29,74.15
2022-08-30,74.00
2022-08-31,73.67
2022-09-01,74.16
2022-09-02,74.11
2022-09-03,73.35
2022-09-04,72.14
2022-09-05,73.88
2022-09-06,74.17
2022-09-07,72.83
2022-09-08,72.85
2022-09-09,72.99
2022-09-10,72.76
2022-09-11,71.87
2022-09-12,74.31
2022-09-13,74.40
2022-09-14,74.28
2022-09-15,74.11
2022-09-16,73.68
2022-09-17,73.44
2022-09-18,71.47
2022-09-19,73.75
2022-09-20,73.62
2022-09-21,72.37
2022-09-22,73.70
2022-09-23,72.34
2022-09-24,73.41
2022-09-25,71.44
2022-09-26,73.61
2022-09-27,73.99
2022-09-28,73.97
2022-09-29,73.84
2022-09-30,73.60
2022-10-01,73.49
2022-10-02,70.92
2022-10-03,74.03
2022-10-04,72.25
2022-10-05,70.99
2022-10-06,73.46
2022-10-07,73.38
2022-10-08,72.14
2022-10-09,71.21
2022-10-10,73.86
2022-10-11,74.00
2022-10-12,73.82
2022-10-13,73.71
2022-10-14,73.70
2022-10-15,73.42
2022-10-16,71.04
2022-10-17,73.55
2022-10-18,73.70
2022-10-19,73.35
2022-10-20,73.49
2022-10-21,73.87
2022-10-22,73.75
2022-10-23,71.13
2022-10-24,71.74
2022-10-25,73.86
2022-10-26,73.95
2022-10-27,74.22
2022-10-28,73.74
2022-10-29,73.34
2022-10-30,71.16
2022-10-31,74.44
2022-11-01,74.05
2022-11-02,73.88
2022-11-03,74.03
2022-11-04,73.71
2022-11-05,73.49
2022-11-06,70.86
2022-11-07,73.68
2022-11-08,73.03
2022-11-09,73.88
2022-11-10,74.03
2022-11-11,73.19
2022-11-12,72.56
2022-11-13,71.68
2022-11-14,74.25
2022-11-15,74.22
2022-11-16,74.38
2022-11-17,73.65
2022-11-18,74.40
2022-11-19,73.89
2022-11-20,71.48
2022-11-21,74.31
2022-11-22,74.09
2022-11-23,74.21
2022-11-24,73.79
2022-11-25,74.01
2022-11-26,73.01
2022-11-27,70.81
2022-11-28,73.57
2022-11-29,73.82
2022-11-30,73.81
2022-12-01,73.56
2022-12-02,73.77
2022-12-03,73.39
2022-12-04,71.19
2022-12-05,73.59
2022-12-06,73.75
2022-12-07,73.91
2022-12-08,73.97
2022-12-09,73.63
2022-12-10,72.08
2022-12-11,70.94
2022-12-12,73.48
2022-12-13,73.47
2022-12-14,73.74
2022-12-15,73.15
2022-12-16,72.93
2022-12-17,72.60
2022-12-18,70.22
2022-12-19,72.92
2022-12-20,73.23
2022-12-21,73.31
2022-12-22,72.56
2022-12-23,72.59
2022-12-24,72.27
2022-12-25,70.70
2022-12-26,72.52
2022-12-27,72.75
2022-12-28,72.55
2022-12-29,72.60
2022-12-30,72.61
2022-12-31,72.28
2023-01-01,70.45
2023-01-02,71.74
2023-01-03,72.69
2023-01-04,72.87
2023-01-05,73.00
2023-01-06,72.90
2023-01-07,72.61
2023-01-08,70.73
2023-01-09,72.54
2023-01-10,73.17
2023-01-11,72.99
2023-01-12,72.72
2023-01-13,72.93
2023-01-14,71.94
2023-01-15,71.00
2023-01-16,72.27
2023-01-17,72.87
2023-01-18,72.91
2023-01-19,72.79
2023-01-20,72.71
2023-01-21,72.69
2023-01-22,70.73
2023-01-23,73.18
2023-01-24,72.94
2023-01-25,72.88
2023-01-26,70.71
2023-01-27,72.89
2023-01-28,72.69
2023-01-29,70.63
2023-01-30,72.93
2023-01-31,72.77
2023-02-01,72.88
2023-02-02,73.03
2023-02-03,72.62
2023-02-04,72.41
2023-02-05,70.53
2023-02-06,72.46
2023-02-07,72.87
2023-02-08,72.30
2023-02-09,72.59
2023-02-10,72.79
2023-02-11,71.71
2023-02-12,70.51
2023-02-13,72.70
2023-02-14,72.59
2023-02-15,72.73
2023-02-16,72.79
2023-02-17,72.80
2023-02-18,71.70
2023-02-19,70.65
2023-02-20,72.31
2023-02-21,72.85
2023-02-22,72.54
2023-02-23,72.75
2023-02-24,72.38
2023-02-25,72.35
2023-02-26,70.41
2023-02-27,72.39
2023-02-28,72.42
2023-03-01,72.61
2023-03-02,72.42
2023-03-03,72.12
2023-03-04,72.01
2023-03-05,70.53
2023-03-06,72.87
2023-03-07,73.09
2023-03-08,72.95
2023-03-09,72.89
2023-03-10,72.59
2023-03-11,71.33
2023-03-12,70.41
2023-03-13,72.77
2023-03-14,72.48
2023-03-15,72.81
2023-03-16,72.78
2023-03-17,72.66
2023-03-18,72.55
2023-03-19,70.53
2023-03-20,72.83
2023-03-21,72.71
2023-03-22,72.68
2023-03-23,73.38
2023-03-24,73.01
2023-03-25,72.89
2023-03-26,71.06
2023-03-27,73.21
2023-03-28,73.16
2023-03-29,73.41
2023-03-30,73.98
2023-03-31,73.18
2023-04-01,72.83
2023-04-02,71.41
2023-04-03,73.51
2023-04-04,73.31
2023-04-05,73.56
2023-04-06,72.90
2023-04-07,72.15
2023-04-08,72.61
2023-04-09,71.59
2023-04-10,73.62
2023-04-11,73.90
2023-04-12,73.69
2023-04-13,73.90
2023-04-14,72.81
2023-04-15,72.53
2023-04-16,71.94
2023-04-17,73.82
2023-04-18,73.70
2023-04-19,74.00
2023-04-20,73.88
2023-04-21,73.27
2023-04-22,72.83
2023-04-23,72.17
2023-04-24,73.92
2023-04-25,74.08
2023-04-26,73.99
2023-04-27,73.99
2023-04-28,74.22
2023-04-29,73.87
2023-04-30,72.12
2023-05-01,73.71
2023-05-02,74.13
2023-05-03,74.36
2023-05-04,74.22
2023-05-05,74.01
2023-05-06,73.95
2023-05-07,72.11
2023-05-08,74.14
2023-05-09,74.18
2023-05-10,73.88
2023-05-11,74.10
2023-05-12,73.90
2023-05-13,73.18
2023-05-14,72.02
2023-05-15,74.14
2023-05-16,74.10
2023-05-17,74.14
2023-05-18,74.23
2023-05-19,74.36
2023-05-20,73.94
2023-05-21,72.41
2023-05-22,74.28
2023-05-23,74.36
2023-05-24,74.09
2023-05-25,74.21
2023-05-26,74.33
2023-05-27,74.18
2023-05-28,72.80
2023-05-29,74.34
2023-05-30,74.12
2023-05-31,74.46
2023-06-01,74.64
2023-06-02,74.68
2023-06-03,74.52
2023-06-04,72.57
2023-06-05,74.53
2023-06-06,74.73
2023-06-07,74.73
2023-06-08,74.68
2023-06-09,74.53
2023-06-10,74.19
2023-06-11,72.86
2023-06-12,74.71
2023-06-13,74.68
2023-06-14,74.78
2023-06-15,74.60
2023-06-16,74.66
2023-06-17,74.61
2023-06-18,72.76
2023-06-19,74.67
2023-06-20,74.92
2023-06-21,74.79
2023-06-22,74.80
2023-06-23,74.61
2023-06-24,74.73
2023-06-25,73.11
2023-06-26,74.88
2023-06-27,74.77
2023-06-28,74.27
2023-06-29,74.01
2023-06-30,74.53
2023-07-01,74.91
2023-07-02,73.32
2023-07-03,74.93
2023-07-04,74.85
2023-07-05,75.01
2023-07-06,74.86
2023-07-07,75.17
2023-07-08,74.01
2023-07-09,73.11
2023-07-10,75.06
2023-07-11,75.10
2023-07-12,75.08
2023-07-13,75.15
2023-07-14,75.24
2023-07-15,74.82
2023-07-16,73.37
2023-07-17,74.68
2023-07-18,74.56
2023-07-19,75.10
2023-07-20,75.01
2023-07-21,74.99
2023-07-22,75.24
2023-07-23,73.65
2023-07-24,74.95
2023-07-25,75.08
2023-07-26,75.11
2023-07-27,74.93
2023-07-28,74.59
2023-07-29,75.71
2023-07-30,73.68
2023-07-31,75.22
2023-08-01,75.21
2023-08-02,75.16
2023-08-03,75.31
2023-08-04,75.28
2023-08-05,75.46
2023-08-06,73.79
2023-08-07,75.82
2023-08-08,75.75
2023-08-09,76.03
2023-08-10,75.79
2023-08-11,75.83
2023-08-12,75.26
2023-08-13,74.19
2023-08-14,76.17
2023-08-15,75.35
2023-08-16,76.19
2023-08-17,76.34
2023-08-18,76.76
2023-08-19,76.49
2023-08-20,75.52
2023-08-21,77.34
2023-08-22,77.50
2023-08-23,77.57
2023-08-24,77.77
2023-08-25,77.89
2023-08-26,77.83
2023-08-27,76.60
2023-08-28,77.72
2023-08-29,77.90
2023-08-30,78.16
2023-08-31,78.20
2023-09-01,78.59
2023-09-02,78.67
2023-09-03,77.68
2023-09-04,79.12
2023-09-05,79.44
2023-09-06,79.31
2023-09-07,80.50
2023-09-08,80.03
2023-09-09,79.75
2023-09-10,79.27
2023-09-11,80.18
2023-09-12,80.65
2023-09-13,80.43
2023-09-14,80.81
2023-09-15,80.57
2023-09-16,80.89
2023-09-17,80.10
2023-09-18,81.31
2023-09-19,81.42
2023-09-20,81.14
2023-09-21,81.11
2023-09-22,80.72
2023-09-23,81.46
2023-09-24,80.86
2023-09-25,81.75
2023-09-26,81.44
2023-09-27,81.46
2023-09-28,81.59
2023-09-29,81.52
2023-09-30,81.72
